participant,AIave,USERave,thoughtfulness
alpha_Oyama,38.833333333333336,7.8,6.0
beta_Oyama,60.285714285714285,12.0,6.0
alpha_Koga,58.6,19.11111111111111,5.0
beta_Hiraoka,79.4,20.2,5.0
beta_Koga,54.2,22.0,5.0
beta_Suto,56.8,26.25,5.0
beta_Futamura,94.33333333333331,18.8,6.0
alpha_Mori,40.75,17.857142857142858,5.0
beta_Mori,41.285714285714285,31.4,6.0
alpha_Shiojiri,56.142857142857146,22.666666666666668,5.0
beta_Shiojiri,90.75,35.333333333333336,5.0
